tag_id,type,stap_s,stap_t,lat_s,lon_s,lat_t,lon_t,j,start,end,n,distance,bearing,gs_u,gs_v,ws_u,ws_v
18LX,most_likely,1,2,48.9,17.05,47.625,16.375,1,2017-08-04T19:47:30Z,2017-08-04T23:17:30Z,1,150.48767226637338,199.6669048637367,-16.078260432911833,-39.67819444279447,13.752559506007604,-13.606711077008926
18LX,most_likely,2,3,47.625,16.375,44.875,14.375,1,2017-08-05T19:27:30Z,2017-08-06T02:52:30Z,1,342.6324663269481,207.42582336568012,-21.278625503858418,-41.005385747122325,-5.454383674878753,-4.648818214673675
18LX,most_likely,3,4,44.875,14.375,41.625,15.125,1,2017-08-06T19:12:30Z,2017-08-07T03:17:30Z,1,366.85853582503216,170.20015549904656,7.724762045278971,-44.722325974598604,-7.811576271765011,-20.63033645881574
18LX,most_likely,4,5,41.625,15.125,41.375,13.125,1,2017-08-07T19:12:30Z,2017-08-08T00:12:30Z,1,169.04907396149795,261.18833485667517,-33.410764776493664,-5.179225167861538,-2.4429088821411136,-0.770149703979492
18LX,most_likely,5,6,41.375,13.125,37.125,9.625,1,2017-08-29T18:37:30Z,2017-08-30T04:32:30Z,1,561.0060208403663,213.64932684319524,-31.347041278147046,-47.09308046884177,-3.926401982924518,-8.811461585806198
18LX,most_likely,6,7,37.125,9.625,34.125,8.125,1,2017-08-30T18:42:30Z,2017-08-31T04:12:30Z,1,360.471137266816,202.55842190437045,-14.556403980851057,-35.04116579686133,-12.246389297083804,2.5966668805574127
18LX,most_likely,7,8,34.125,8.125,27.625,3.625,1,2017-08-31T18:32:30Z,2017-09-01T09:02:30Z,1,841.4174825132842,211.90214430049707,-30.666481875079054,-49.26365372650593,-7.686616921260441,-5.097443378843112
18LX,most_likely,8,9,27.625,3.625,20.625,3.125,1,2017-09-01T18:57:30Z,2017-09-02T09:02:30Z,1,780.8871444103244,183.83452903475563,-3.7080703514742677,-55.3234799580859,-8.311751128337791,-15.075200772437821
18LX,most_likely,9,10,20.625,3.125,17.625,0.875,1,2017-09-04T20:02:30Z,2017-09-05T04:37:30Z,1,409.2806990742015,215.69687347123022,-27.822992355843166,-38.72424998958346,-20.053314304388834,-0.8890022695596939
18LX,most_likely,10,11,17.625,0.875,13.625,-0.625,1,2017-09-06T19:37:30Z,2017-09-07T04:37:30Z,1,473.41184472857947,200.06367854416612,-18.045634022245217,-49.409043161991505,-18.432947360992433,-9.95073659515381
18LX,most_likely,11,12,13.625,-0.625,12.375,-1.375,1,2017-09-09T19:57:30Z,2017-09-10T01:17:30Z,1,161.18319877996896,210.3967117380157,-15.291780375967193,-26.06763618989717,-5.093446116685867,1.944600822687149
18LX,most_likely,12,13,12.375,-1.375,10.375,-1.375,1,2017-09-10T19:32:30Z,2017-09-11T03:12:30Z,1,222.6389815865471,180,-5.334537055409831e-15,-29.039867163462663,4.878027240421461,6.6376258646094275
18LX,most_likely,13,14,10.375,-1.375,10.375,-1.625,1,2017-09-11T23:27:30Z,2017-09-12T00:22:30Z,1,27.374857569492928,270.0225112800649,-29.86347867992995,0.011733240608354276,-4.097879308527165,8.988109393033115
18LX,most_likely,14,15,10.375,-1.625,9.125,-3.125,1,2017-09-15T20:52:30Z,2017-09-16T04:32:30Z,1,215.50814393057834,229.91313216982576,-21.50590475508311,-18.101230623527677,-0.9191029964944588,-1.4914118037016495
18LX,most_likely,15,16,9.125,-3.125,9.375,-1.875,1,2017-09-16T20:47:30Z,2017-09-17T01:57:30Z,1,140.1310199435056,78.44495713914387,26.57244113501804,5.432813704989038,-2.8855979808684324,14.215052957596319
18LX,most_likely,16,17,9.375,-1.875,10.375,-1.625,1,2017-09-18T19:52:30Z,2017-09-18T23:42:30Z,1,114.64610918439347,13.81508532684478,7.141629281057838,29.042494615321257,2.236555297851562,0.9309779523766558
18LX,most_likely,17,18,10.375,-1.625,10.875,-1.375,1,2017-09-19T23:32:30Z,2017-09-20T01:07:30Z,1,62.0175279096471,26.147830909262552,17.261320109289343,35.16041306510155,3.6533126533909854,10.235661151283665
18LX,most_likely,18,19,10.875,-1.375,9.625,-5.625,1,2017-12-05T18:52:30Z,2017-12-06T05:37:30Z,1,485.89465487968755,253.74508356495062,-43.3926905913564,-12.651855783139652,-14.61063603707247,-11.018681264478106
18LX,most_likely,19,20,9.625,-5.625,7.875,-6.625,1,2017-12-06T19:12:30Z,2017-12-07T00:12:30Z,1,223.7293731258347,209.53445476616412,-22.057338334560097,-38.931569729024595,-5.201911170196533,-6.006768099212646
18LX,most_likely,20,21,7.875,-6.625,8.875,-5.375,1,2018-04-10T19:42:30Z,2018-04-11T00:02:30Z,1,177.04034241243608,50.95062092045373,31.728488178388183,25.738530389932677,-0.22764568475576558,19.476780663123495
18LX,most_likely,21,22,8.875,-5.375,13.375,-4.875,1,2018-04-11T19:07:30Z,2018-04-12T05:52:30Z,1,503.90430148605276,6.175344815721758,5.042396837814232,46.602820368607134,2.2862629852294925,15.554138881594637
18LX,most_likely,22,23,13.375,-4.875,16.125,-4.625,1,2018-04-12T19:07:30Z,2018-04-13T05:42:30Z,1,307.30904386081716,4.992795592829111,2.527110573467313,28.926898162664866,12.531576308242922,-2.0533268326886995
18LX,most_likely,23,24,16.125,-4.625,19.125,1.875,1,2018-04-13T19:12:30Z,2018-04-14T05:37:30Z,1,766.096081338248,63.20177889886634,65.64645329108126,33.15785148860065,44.06419049597167,7.77803587023926
18LX,most_likely,24,25,19.125,1.875,39.125,16.875,1,2018-04-14T18:32:30Z,2018-04-15T15:02:30Z,1,2653.22338142653,29.79355903926927,64.3084927433168,112.3182344246895,46.65611706505752,53.579467811398395
18LX,most_likely,25,26,39.125,16.875,40.375,17.625,1,2018-04-15T18:47:30Z,2018-04-15T22:02:30Z,1,153.2397296296099,24.525054416068656,19.571830734179187,42.89674388277006,-12.571271126380331,39.63156134033203
18LX,most_likely,26,27,40.375,17.625,41.125,16.625,1,2018-04-25T18:42:30Z,2018-04-26T02:42:30Z,1,118.6674152287587,315.03795121066264,-10.481866936235539,10.495761965447928,10.642650263786317,9.150633204936986
18LX,most_likely,27,28,41.125,16.625,43.625,17.875,1,2018-04-29T21:17:30Z,2018-04-30T03:07:30Z,1,296.666904628669,19.853825778433077,17.272201586970482,47.83434102413094,13.058942109898156,18.66294825047084
18LX,most_likely,28,29,43.625,17.875,46.875,16.875,1,2018-04-30T18:37:30Z,2018-05-01T01:12:30Z,1,370.1702271769979,348.1307854545795,-11.564964812567535,55.0262056794611,22.221855085735083,19.053422565701645
18LX,simulation,1,2,48.9,17.05,47.625,16.625,1,2017-08-04T19:47:30Z,2017-08-04T23:17:30Z,1,145.38422341271163,192.67044088272405,-10.718934958361043,-39.72195360811433,14.391884561811175,-14.112821847098214
18LX,simulation,1,2,48.9,17.05,47.875,18.125,2,2017-08-04T19:47:30Z,2017-08-04T23:17:30Z,1,139.04686386394047,144.7403766069035,21.334072762288475,-31.666036467900597,9.624439877101354,-15.109979980468752
18LX,simulation,1,2,48.9,17.05,47.375,16.625,3,2017-08-04T19:47:30Z,2017-08-04T23:17:30Z,1,172.67241248896127,190.69420619759785,-10.770473776055171,-47.67322244560156,14.827438621520997,-13.88027685546875
18LX,simulation,1,2,48.9,17.05,48.375,16.875,4,2017-08-04T19:47:30Z,2017-08-04T23:17:30Z,1,59.843725398268376,192.48809443517553,-5.281789254171713,-15.894126368516227,11.364385259355817,-11.545930106026786
18LX,simulation,1,2,48.9,17.05,47.875,17.625,5,2017-08-04T19:47:30Z,2017-08-04T23:17:30Z,1,121.76215816571921,159.35236266280242,10.667263364521435,-31.770685636807134,11.637142095293319,-15.294332310267855
18LX,simulation,1,2,48.9,17.05,48.625,17.875,6,2017-08-04T19:47:30Z,2017-08-04T23:17:30Z,1,67.83778318873495,116.51407589455243,15.767036604942204,-7.873755429788372,8.88343199484689,-11.381672781808037
18LX,simulation,1,2,48.9,17.05,47.625,17.375,7,2017-08-04T19:47:30Z,2017-08-04T23:17:30Z,1,143.96097101033763,170.24756262845005,5.359495879939138,-39.74820914545811,13.825756701878136,-15.026474609374997
18LX,simulation,1,2,48.9,17.05,47.875,17.125,8,2017-08-04T19:47:30Z,2017-08-04T23:17:30Z,1,114.2370892426403,177.19000164112992,-5.84258820354411e-15,-31.805568798078205,13.558368448529924,-13.024714773995536
18LX,simulation,1,2,48.9,17.05,45.875,18.375,9,2017-08-04T19:47:30Z,2017-08-04T23:17:30Z,1,351.2213128465484,162.99185163863217,27.691294249439853,-95.19262701795152,4.853512072971889,-12.208470424107142
18LX,simulation,1,2,48.9,17.05,46.875,17.125,10,2017-08-04T19:47:30Z,2017-08-04T23:17:30Z,1,225.49145091575755,178.54936237039465,-1.168517640708822e-14,-63.61113759615641,12.487161905561175,-17.13752755301339
18LX,simulation,2,3,47.625,16.625,45.875,15.625,1,2017-08-05T19:27:30Z,2017-08-06T02:52:30Z,1,209.20392388292316,201.7474715912159,-10.451257770564483,-26.19964365673907,-3.893073676634372,-1.7674121621806973
18LX,simulation,2,3,47.875,18.125,45.625,17.625,2,2017-08-05T19:27:30Z,2017-08-06T02:52:30Z,1,253.3540223604068,188.8402545561362,-5.249726581168578,-33.754293325919754,-6.149512306813444,-7.091372024364686
18LX,simulation,2,3,47.375,16.625,46.625,17.125,3,2017-08-05T19:27:30Z,2017-08-06T02:52:30Z,1,91.71352395898666,155.36720764313566,5.154107691297549,-11.240546035091716,-1.1689891107109154,1.7008364004070837
18LX,simulation,2,3,48.375,16.875,46.125,15.625,4,2017-08-05T19:27:30Z,2017-08-06T02:52:30Z,1,267.67699304545977,201.1230518357213,-13.006291599058716,-33.666257114163,4.911868815904253,-0.5788478187818211
18LX,simulation,2,3,47.875,17.625,45.375,15.875,5,2017-08-05T19:27:30Z,2017-08-06T02:52:30Z,1,308.7662439734814,206.31512663848696,-18.455528327008313,-37.31711734163639,-7.14911486782117,-3.717578298504433
18LX,simulation,2,3,48.625,17.875,45.875,16.625,6,2017-08-05T19:27:30Z,2017-08-06T02:52:30Z,1,320.3568175412595,197.60867202067084,-13.06685027066917,-41.170309769531734,0.8293878314414729,-0.6852419550177757
18LX,simulation,2,3,47.625,17.375,43.625,17.625,7,2017-08-05T19:27:30Z,2017-08-06T02:52:30Z,1,445.702401883966,177.40731145653854,2.7184146765377784,-60.033189949294076,-9.810503397052209,-5.716123977489685
18LX,simulation,2,3,47.875,17.125,45.875,12.375,8,2017-08-05T19:27:30Z,2017-08-06T02:52:30Z,1,424.4101641853247,240.11948598969946,-49.61686136743969,-28.508511057627643,0.7838392556865562,-1.7318475334938994
18LX,simulation,2,3,45.875,18.375,46.875,18.875,9,2017-08-05T19:27:30Z,2017-08-06T02:52:30Z,1,117.75630938284932,18.8521431320425,5.130371080612645,15.025529115066455,-9.589358668295183,-13.660344889094317
18LX,simulation,2,3,46.875,17.125,45.625,12.375,10,2017-08-05T19:27:30Z,2017-08-06T02:52:30Z,1,391.15164522638,250.89296373200978,-49.834058519894,-17.263444035723854,-8.903804386781841,-6.12738534511609
18LX,simulation,3,4,45.875,15.625,40.625,16.375,1,2017-08-06T19:12:30Z,2017-08-07T03:17:30Z,1,587.574541588985,173.8002164678103,7.8501606189797295,-72.26449938185814,4.689980006424424,-21.391378330191383
18LX,simulation,3,4,45.625,17.625,41.625,15.625,2,2017-08-06T19:12:30Z,2017-08-07T03:17:30Z,1,473.5029552607553,200.5929646590605,-20.603336322088037,-54.83473109493841,0.3214918963245506,-20.391505706157886
18LX,simulation,3,4,46.625,17.125,41.875,14.125,3,2017-08-06T19:12:30Z,2017-08-07T03:17:30Z,1,580.2469448603382,205.4008430954383,-30.79125940730241,-64.84377915121227,-16.24084514861746,-30.589953666451052
18LX,simulation,3,4,46.125,15.625,42.125,14.375,4,2017-08-06T19:12:30Z,2017-08-07T03:17:30Z,1,456.32631285411094,193.08165637852653,-12.77748324803857,-54.98770540203131,-17.055518694848132,-24.560434739260337
18LX,simulation,3,4,45.375,15.875,40.875,15.625,5,2017-08-06T19:12:30Z,2017-08-07T03:17:30Z,1,501.3485767075309,182.40807248020428,-2.6059636589343427,-61.96773351823905,5.974415382149293,-23.63084042547168
18LX,simulation,3,4,45.875,16.625,41.875,15.125,6,2017-08-06T19:12:30Z,2017-08-07T03:17:30Z,1,461.23552617789403,195.65057176780556,-15.393084931846253,-54.94455355021246,-10.186840708781764,-31.825328283880186
18LX,simulation,3,4,43.625,17.625,40.375,15.625,7,2017-08-06T19:12:30Z,2017-08-07T03:17:30Z,1,397.79273830712236,205.25010433910347,-20.992156987173644,-44.509531543573665,9.88318689672726,2.118905044083743
18LX,simulation,3,4,45.875,12.375,41.875,14.125,8,2017-08-06T19:12:30Z,2017-08-07T03:17:30Z,1,466.86374555556176,161.88464763357,17.958242714558853,-54.89349951593178,-5.3802363172708105,-23.679108597588296
18LX,simulation,3,4,46.875,18.875,44.625,16.125,9,2017-08-06T19:12:30Z,2017-08-07T03:17:30Z,1,329.1451431712059,221.45181577823405,-26.95556052194695,-30.51939779334865,-4.949580832412564,-22.99336259444719
18LX,simulation,3,4,45.625,12.375,41.125,15.625,10,2017-08-06T19:12:30Z,2017-08-07T03:17:30Z,1,565.6454048785798,151.17269895337625,33.74077220677205,-61.30502416654874,3.53541142556102,-34.68490679145106
18LX,simulation,4,5,40.625,16.375,41.625,13.125,1,2017-08-07T19:12:30Z,2017-08-08T00:12:30Z,1,294.3603116728986,293.2819764169135,-54.07815521751119,23.26956922242886,-1.6509631790161137,-3.438311813354493
18LX,simulation,4,5,41.625,15.625,41.875,13.125,2,2017-08-07T19:12:30Z,2017-08-08T00:12:30Z,1,209.47585201993553,278.4655306073121,-41.438706064819286,6.167571876567513,-0.049613423156738466,-3.0696855926513678
18LX,simulation,4,5,41.875,14.125,42.125,12.375,3,2017-08-07T19:12:30Z,2017-08-08T00:12:30Z,1,147.4191675549698,281.4660953542584,-28.895410156160793,5.861033220452681,-1.9376748977661133,0.13530625305175786
18LX,simulation,4,5,42.125,14.375,41.625,13.875,4,2017-08-07T19:12:30Z,2017-08-08T00:12:30Z,1,69.39455333679611,216.83861588370246,-8.32128318734017,-11.10767335802721,0.0018557662963866886,0.4826612823486328
18LX,simulation,4,5,40.875,15.625,41.375,13.625,5,2017-08-07T19:12:30Z,2017-08-08T00:12:30Z,1,176.6986033480201,289.0161059097825,-33.41112682361799,11.514879998582346,-5.412112495422364,-2.1939583465576185
18LX,simulation,4,5,41.875,15.125,41.625,12.875,6,2017-08-07T19:12:30Z,2017-08-08T00:12:30Z,1,188.91937305697624,262.27939384651506,-37.44136182837992,-5.075983164469063,-0.5225332962036137,-0.8191808074951168
18LX,simulation,4,5,40.375,15.625,41.625,12.875,7,2017-08-07T19:12:30Z,2017-08-08T00:12:30Z,1,269.68474405523443,301.95652681673323,-45.76280035392644,28.547513916489528,-3.825621772766114,0.26340610656738284
18LX,simulation,4,5,41.875,14.125,41.625,13.125,8,2017-08-07T19:12:30Z,2017-08-08T00:12:30Z,1,87.58887117887049,251.80766161391443,-16.642127419536994,-5.469187245601096,-1.9948382766723634,0.25781963195800783
18LX,simulation,4,5,44.625,16.125,42.125,12.125,9,2017-08-07T19:12:30Z,2017-08-08T00:12:30Z,1,426.76166081819315,230.6974599272545,-66.04666991142912,-54.063462702483505,0.033880717468262045,-5.221737985229492
18LX,simulation,4,5,41.125,15.625,42.375,12.375,10,2017-08-07T19:12:30Z,2017-08-08T00:12:30Z,1,303.64143384560975,298.3480524170624,-53.44571654968982,28.835398322251823,-2.4406782180786135,-1.866844479370118
18LX,simulation,5,6,41.625,13.125,41.625,8.875,1,2017-08-29T18:37:30Z,2017-08-30T04:32:30Z,1,353.61626320477455,271.4118981370509,-35.647956645119486,0.8786244681276092,-5.1149305330164285,-7.494583598673844
18LX,simulation,5,6,41.875,13.125,36.375,10.375,2,2017-08-29T18:37:30Z,2017-08-30T04:32:30Z,1,656.6008656834425,202.08042881234712,-24.889548706980744,-61.35568197532121,-3.7109409961860713,-10.06997618500525
18LX,simulation,5,6,42.125,12.375,36.375,10.375,3,2017-08-29T18:37:30Z,2017-08-30T04:32:30Z,1,662.8427416137044,195.7161121293825,-18.10537593626001,-64.34246440021718,-2.7067641645159037,-15.056014443277311
18LX,simulation,5,6,41.625,13.875,39.375,9.125,4,2017-08-29T18:37:30Z,2017-08-30T04:32:30Z,1,473.59906014495647,239.63936817233127,-41.20842716745027,-24.138795258443633,-6.0321732949649585,-5.791141150210083
18LX,simulation,5,6,41.375,13.625,39.875,9.625,5,2017-08-29T18:37:30Z,2017-08-30T04:32:30Z,1,376.9066714730865,245.0194901723337,-34.451860445554765,-16.050900914748343,-5.4631881978010925,-5.422239307050945
18LX,simulation,5,6,41.625,12.875,40.125,9.375,6,2017-08-29T18:37:30Z,2017-08-30T04:32:30Z,1,338.59539990590076,241.6097727809656,-30.037555444788833,-16.234624976500896,-3.225708451214958,-7.794211774553571
18LX,simulation,5,6,41.625,12.875,40.875,9.375,7,2017-08-29T18:37:30Z,2017-08-30T04:32:30Z,1,304.5704049784325,255.25053425138822,-29.700937441192245,-7.819308111686374,-3.580333311706029,-8.254146714154409
18LX,simulation,5,6,41.625,13.125,39.375,9.625,8,2017-08-29T18:37:30Z,2017-08-30T04:32:30Z,1,387.8941896589715,230.93594350413696,-30.370820243642314,-24.650076410156142,-4.371884404799518,-6.633706596310397
18LX,simulation,5,6,42.125,12.125,39.625,9.375,9,2017-08-29T18:37:30Z,2017-08-30T04:32:30Z,1,361.93813658410653,220.6598630397823,-23.780874109026662,-27.687025039338444,-5.42244931748334,-16.66960005252101
18LX,simulation,5,6,42.375,12.375,37.125,9.875,10,2017-08-29T18:37:30Z,2017-08-30T04:32:30Z,1,622.2828559865944,200.9180658468041,-22.404225003597908,-58.615402034718684,-5.634072832123572,-13.620764549960606
18LX,simulation,6,7,41.625,8.875,36.625,9.375,1,2017-08-30T18:42:30Z,2017-08-31T04:12:30Z,1,558.2666326289275,175.4047085372781,4.708068736052873,-58.576006888787134,1.7728694405806695,7.6959970357794525
18LX,simulation,6,7,36.375,10.375,33.875,8.375,2,2017-08-30T18:42:30Z,2017-08-31T04:12:30Z,1,332.5582653049546,213.77777244273557,-19.462471824823506,-29.097105549927743,-13.759705472042684,-1.876516636095549
18LX,simulation,6,7,36.375,10.375,33.875,7.125,3,2017-08-30T18:42:30Z,2017-08-31T04:12:30Z,1,406.16300526075077,227.70166631552672,-31.623025055653585,-28.773057704746872,-17.411690797906175,5.221240174142937
18LX,simulation,6,7,39.375,9.125,37.125,9.625,4,2017-08-30T18:42:30Z,2017-08-31T04:12:30Z,1,254.25292581718494,169.94523742295155,4.672616510455141,-26.35241470178603,-3.461442031458805,8.351228172703793
18LX,simulation,6,7,39.875,9.625,34.375,6.875,5,2017-08-30T18:42:30Z,2017-08-31T04:12:30Z,1,659.0194177162983,202.57751040013613,-26.633604978629954,-64.053981166805,-0.9350116500854491,7.418593895360042
18LX,simulation,6,7,40.125,9.375,33.625,9.875,6,2017-08-30T18:42:30Z,2017-08-31T04:12:30Z,1,724.9413507174158,176.3266146352737,4.8890621986211436,-76.15283674480237,-4.128435992190712,-2.97237691056101
18LX,simulation,6,7,40.875,9.375,34.875,6.125,7,2017-08-30T18:42:30Z,2017-08-31T04:12:30Z,1,726.2574468378134,204.16410210832214,-31.294164054639438,-69.74951817761306,3.1804136685823132,9.34456449568899
18LX,simulation,6,7,39.375,9.625,35.625,10.375,8,2017-08-30T18:42:30Z,2017-08-31T04:12:30Z,1,422.6651874856496,170.75388287365934,7.1486331973588095,-43.913011326567954,-2.2607886854472916,-0.5695174070659434
18LX,simulation,6,7,39.625,9.375,36.625,7.875,9,2017-08-30T18:42:30Z,2017-08-31T04:12:30Z,1,358.84715020290247,201.9378986383831,-14.11219013126326,-35.03818839535877,0.9127597057944853,10.226580917358397
18LX,simulation,6,7,37.125,9.875,33.375,9.125,10,2017-08-30T18:42:30Z,2017-08-31T04:12:30Z,1,422.97446777774053,189.49442263475078,-7.344243560240581,-43.913728530764885,-15.748690489518017,-0.9813182397139697
18LX,simulation,7,8,36.625,9.375,26.375,3.375,1,2017-08-31T18:32:30Z,2017-09-01T09:02:30Z,1,1274.49435666146,208.15041555567518,-41.468345725671334,-77.49910767222408,-1.1292595498972922,-2.5862943857127227
18LX,simulation,7,8,33.875,8.375,25.875,4.125,2,2017-08-31T18:32:30Z,2017-09-01T09:02:30Z,1,980.2151141823775,205.8224889719105,-29.445962645227173,-60.85093435357914,-10.53897257522057,-9.261112475691172
18LX,simulation,7,8,33.875,7.125,27.875,3.625,3,2017-08-31T18:32:30Z,2017-09-01T09:02:30Z,1,746.8056397282022,207.51278545186244,-23.792019228439298,-45.67915355705729,-6.442055768243199,-3.158042954543543
18LX,simulation,7,8,37.125,9.625,23.875,2.625,4,2017-08-31T18:32:30Z,2017-09-01T09:02:30Z,1,1619.2942330312487,206.34015852776588,-49.550339648447405,-100.08083321914191,-8.397835216653759,0.08312779235839837
18LX,simulation,7,8,34.375,6.875,26.125,5.625,5,2017-08-31T18:32:30Z,2017-09-01T09:02:30Z,1,926.1913424266587,187.7790751093247,-8.645755634883695,-63.287442574936904,-10.085751451163457,-8.626903878573714
18LX,simulation,7,8,33.625,9.875,26.625,5.375,6,2017-08-31T18:32:30Z,2017-09-01T09:02:30Z,1,891.3161929471453,210.23473807636537,-30.952882416192885,-53.10828640318245,-14.464258573334794,-9.163042617797855
18LX,simulation,7,8,34.875,6.125,25.625,3.375,7,2017-08-31T18:32:30Z,2017-09-01T09:02:30Z,1,1062.9738125960475,195.11590966820313,-19.116857331371364,-70.77208225510348,-7.254455923146217,0.6359723168734844
18LX,simulation,7,8,35.625,10.375,26.375,3.625,8,2017-08-31T18:32:30Z,2017-09-01T09:02:30Z,1,1213.724125008143,213.82923765557143,-46.60027558062944,-69.53387737197949,-7.562641924627896,-4.545980353519834
18LX,simulation,7,8,36.625,7.875,35.625,6.375,9,2017-08-31T18:32:30Z,2017-09-01T09:02:30Z,1,174.87602434441334,230.9094087931477,-9.360691018325298,-7.60467520788289,18.40934112022663,-5.312532532264447
18LX,simulation,7,8,33.375,9.125,25.875,3.625,10,2017-08-31T18:32:30Z,2017-09-01T09:02:30Z,1,989.6775334539936,213.91794942518175,-38.08587006742259,-56.63941695851411,-11.291302350274455,-7.613897985524147
18LX,simulation,8,9,26.375,3.375,22.125,3.125,1,2017-09-01T18:57:30Z,2017-09-02T09:02:30Z,1,473.7872943357693,183.12208938575486,-1.8322541317792593,-33.5917685760008,-2.266140019794894,-15.341971320699658
18LX,simulation,8,9,25.875,4.125,19.625,3.375,2,2017-09-01T18:57:30Z,2017-09-02T09:02:30Z,1,699.9876754352807,186.46332242683866,-5.59495565394325,-49.3873588203237,-8.869911203689123,-7.7955847637469935
18LX,simulation,8,9,27.875,3.625,21.375,3.375,3,2017-09-01T18:57:30Z,2017-09-02T09:02:30Z,1,724.0180518229469,182.05569792857887,-1.844112541088108,-51.37648008281238,-7.64151500823794,-14.946160103521406
18LX,simulation,8,9,23.875,2.625,19.375,2.875,4,2017-09-01T18:57:30Z,2017-09-02T09:02:30Z,1,501.6048191164592,176.99670251030489,1.8660920694436145,-35.56799115697406,-23.155734555667674,3.629466421996348
18LX,simulation,8,9,26.125,5.625,19.625,2.375,5,2017-09-01T18:57:30Z,2017-09-02T09:02:30Z,1,796.5477968769678,205.38481919739957,-24.246864513553522,-51.0987151653549,-11.399916415874772,-7.3170099787063165
18LX,simulation,8,9,26.625,5.375,22.125,3.625,6,2017-09-01T18:57:30Z,2017-09-02T09:02:30Z,1,531.4118791625011,199.8728674838669,-12.826870414284919,-35.48633477110996,-8.842260119646959,-12.432162114431165
18LX,simulation,8,9,25.625,3.375,19.625,2.125,7,2017-09-01T18:57:30Z,2017-09-02T09:02:30Z,1,680.1375136398291,191.1311826259016,-9.323405343478433,-47.38527268502197,-13.701333991688385,-3.2411757516353084
18LX,simulation,8,9,26.375,3.625,19.625,2.625,8,2017-09-01T18:57:30Z,2017-09-02T09:02:30Z,1,758.3489898855698,187.96592705680723,-7.462379076075009,-53.32767486182467,-11.122880658663236,-6.561578407423033
18LX,simulation,8,9,35.625,6.375,23.625,2.875,9,2017-09-01T18:57:30Z,2017-09-02T09:02:30Z,1,1377.796955907519,195.12622910765288,-25.52884527323396,-94.44218722789117,0.6279192211444544,3.47634698089058
18LX,simulation,8,9,25.875,3.625,20.875,3.625,10,2017-09-01T18:57:30Z,2017-09-02T09:02:30Z,1,556.5974539663679,180,-7.2600208446406e-15,-39.52171270767109,-5.319793865948739,-12.340337213820959
18LX,simulation,9,10,22.125,3.125,15.625,-0.125,1,2017-09-04T20:02:30Z,2017-09-05T04:37:30Z,1,800.3639720288646,205.8639456545585,-40.677354112147036,-83.90603726098074,-13.671773364613355,-2.1367759156458583
18LX,simulation,9,10,19.625,3.375,17.125,-0.625,2,2017-09-04T20:02:30Z,2017-09-05T04:37:30Z,1,505.93949464319655,237.27558827189523,-49.58878196752324,-31.86527634283141,-14.043278560305103,-1.5777404559978008
18LX,simulation,9,10,21.375,3.375,15.375,1.125,3,2017-09-04T20:02:30Z,2017-09-05T04:37:30Z,1,708.9034368317626,199.95539905415842,-28.187257543497026,-77.63182892769764,-15.909274862641267,-2.2968403592896682
18LX,simulation,9,10,19.375,2.875,14.375,0.375,4,2017-09-04T20:02:30Z,2017-09-05T04:37:30Z,1,616.9814854936114,205.94359821292198,-31.447090909264947,-64.63750646998008,-12.3526502798136,-6.409770217451076
18LX,simulation,9,10,19.625,2.375,16.875,0.625,5,2017-09-04T20:02:30Z,2017-09-05T04:37:30Z,1,357.6792674114735,211.425357623997,-21.726925268372682,-35.55901961690105,-14.996631924231073,-1.6443480106094508
18LX,simulation,9,10,22.125,3.625,15.125,0.125,6,2017-09-04T20:02:30Z,2017-09-05T04:37:30Z,1,862.1463293322112,205.93307111836077,-43.92636621753261,-90.33005149000901,-16.607851337914326,-1.9081470852453726
18LX,simulation,9,10,19.625,2.125,15.875,1.375,7,2017-09-04T20:02:30Z,2017-09-05T04:37:30Z,1,424.9501259301818,190.9008792557688,-9.362625541263364,-48.61540723475349,-14.223186858242,-4.544575113537243
18LX,simulation,9,10,19.625,2.625,16.375,-0.125,8,2017-09-04T20:02:30Z,2017-09-05T04:37:30Z,1,464.35447836502647,219.25929742591052,-34.2358718785401,-41.8887393205036,-12.553835902538113,-1.8635507279183097
18LX,simulation,9,10,23.625,2.875,16.875,0.875,9,2017-09-04T20:02:30Z,2017-09-05T04:37:30Z,1,779.8526732649632,195.8918107922757,-24.87851977162137,-87.38412349205882,-12.875605813035683,-4.50769290783336
18LX,simulation,9,10,20.875,3.625,16.625,0.875,10,2017-09-04T20:02:30Z,2017-09-05T04:37:30Z,1,554.805640564989,211.9497266548865,-34.204572667023534,-54.845784932218315,-17.29842732016554,-0.1633065304061743
18LX,simulation,10,11,15.625,-0.125,14.125,0.125,1,2017-09-06T19:37:30Z,2017-09-07T04:37:30Z,1,169.1315371567986,170.81695936761298,2.9990590497606924,-18.55154117957056,-12.594353366851806,-12.069069358825685
18LX,simulation,10,11,17.125,-0.625,12.625,-0.375,2,2017-09-06T19:37:30Z,2017-09-07T04:37:30Z,1,501.6588470249305,176.8936167951979,3.0205468663643398,-55.6579699156073,-17.634612400054927,-7.323808372497559
18LX,simulation,10,11,15.375,1.125,12.625,-0.875,3,2017-09-06T19:37:30Z,2017-09-07T04:37:30Z,1,374.6610390323382,215.45680350034752,-24.148527989315603,-33.90903416544157,-22.449441013336184,-7.849632347106931
18LX,simulation,10,11,14.375,0.375,13.125,-0.625,4,2017-09-06T19:37:30Z,2017-09-07T04:37:30Z,1,176.2212474270385,217.9699462556523,-12.046642094543726,-15.435680806457011,-25.967239597320557,-6.538935081481932
18LX,simulation,10,11,16.875,0.625,12.625,0.375,5,2017-09-06T19:37:30Z,2017-09-07T04:37:30Z,1,473.8722612773843,183.28836208577195,-3.0202113077806207,-52.56578056796865,-17.393580173492428,-8.069044944763181
18LX,simulation,10,11,15.125,0.125,11.875,-0.125,6,2017-09-06T19:37:30Z,2017-09-07T04:37:30Z,1,362.7986635099033,184.30739688047493,-3.0276541216352437,-40.197102100062594,-26.386311862945558,-7.039330833435058
18LX,simulation,10,11,15.875,1.375,11.625,-0.125,7,2017-09-06T19:37:30Z,2017-09-07T04:37:30Z,1,500.1235727890623,199.10651014303767,-18.189231233102877,-52.50806984402462,-24.668122653961177,-7.865056663513183
18LX,simulation,10,11,16.375,-0.125,13.875,-0.125,8,2017-09-06T19:37:30Z,2017-09-07T04:37:30Z,1,278.29872698318377,180,-5.680294086778985e-15,-30.922080775909308,-14.417393161773676,-9.43858083343506
18LX,simulation,10,11,16.875,0.875,9.625,0.125,9,2017-09-06T19:37:30Z,2017-09-07T04:37:30Z,1,811.1412171826241,185.8400003794918,-9.170477516879636,-89.65903615636887,-26.899819675445556,-7.814590599060059
18LX,simulation,10,11,16.625,0.875,12.125,0.375,10,2017-09-06T19:37:30Z,2017-09-07T04:37:30Z,1,503.8291914508753,186.20695331790466,-6.052668208775021,-55.65285213038385,-19.40120224380493,-7.290770530700684
18LX,simulation,11,12,14.125,0.125,13.375,-3.125,1,2017-09-09T19:57:30Z,2017-09-10T01:17:30Z,1,361.19627604014664,257.02545915349845,-65.99529523426567,-15.205329838144051,-8.95733552098274,1.5097072985172268
18LX,simulation,11,12,12.625,-0.375,11.125,-0.125,2,2017-09-09T19:57:30Z,2017-09-10T01:17:30Z,1,169.18547039627717,170.71063565429313,5.120629762390684,-31.306260178741297,-0.032027079820632486,3.364475197076797
18LX,simulation,11,12,12.625,-0.875,12.625,-0.125,3,2017-09-09T19:57:30Z,2017-09-10T01:17:30Z,1,81.47093541529175,89.91803549380398,15.275784759600043,0.021852796476979658,-2.8819978744983668,2.6265957720279687
18LX,simulation,11,12,13.125,-0.625,11.625,-2.375,4,2017-09-09T19:57:30Z,2017-09-10T01:17:30Z,1,253.15439526180802,228.92259794587494,-35.78128246689272,-31.189158633850717,-3.634078456163407,2.6199463884830467
18LX,simulation,11,12,12.625,0.375,11.625,-1.375,5,2017-09-09T19:57:30Z,2017-09-10T01:17:30Z,1,220.60621908202083,239.8811888619548,-35.779021839505475,-20.756070620675313,-0.9353216965198512,3.4350127794742584
18LX,simulation,11,12,11.875,-0.125,10.375,-2.375,6,2017-09-09T19:57:30Z,2017-09-10T01:17:30Z,1,297.1144191340109,236.0277688364887,-46.19990830636496,-31.12966402503976,2.9517772872447967,4.787049415826797
18LX,simulation,11,12,11.625,-0.125,11.875,-3.125,7,2017-09-09T19:57:30Z,2017-09-10T01:17:30Z,1,328.1409537213062,275.1695339243727,-61.27616700881674,5.543717199487572,-3.436142955064772,4.339467552423476
18LX,simulation,11,12,13.875,-0.125,12.625,0.625,8,2017-09-09T19:57:30Z,2017-09-10T01:17:30Z,1,161.14146062353348,149.6270868356495,15.276994533078598,-26.06723376706179,-6.589736399888991,5.196172081232071
18LX,simulation,11,12,9.625,0.125,12.625,-2.125,9,2017-09-09T19:57:30Z,2017-09-10T01:17:30Z,1,414.62226534696566,323.8609395992976,-45.847923614598514,62.78324532518332,0.8902249038219452,2.441165001153946
18LX,simulation,11,12,12.125,0.375,10.625,0.125,10,2017-09-09T19:57:30Z,2017-09-10T01:17:30Z,1,169.19335585101769,189.3046524435315,-5.129222009038342,-31.306351807964393,0.5130235641002654,4.04140792107582
18LX,simulation,12,13,13.375,-3.125,10.375,-1.625,1,2017-09-10T19:32:30Z,2017-09-11T03:12:30Z,1,371.7831444906227,153.7692525981896,21.43349049057043,-43.49966126625733,4.311433416117793,4.817354783597199
18LX,simulation,12,13,11.125,-0.125,8.875,-1.375,2,2017-09-10T19:32:30Z,2017-09-11T03:12:30Z,1,285.50075169158083,208.79481155172903,-17.937179971707597,-32.6346091222297,5.330078212738038,4.962225282917852
18LX,simulation,12,13,12.625,-0.125,9.875,-0.625,3,2017-09-10T19:32:30Z,2017-09-11T03:12:30Z,1,310.95687025881085,190.16076599053258,-7.155148347809928,-39.92348102187717,5.533917780502982,7.372201664966087
18LX,simulation,12,13,11.625,-2.375,10.625,-0.875,4,2017-09-10T19:32:30Z,2017-09-11T03:12:30Z,1,198.07885930071592,124.04694367026843,21.40747956564238,-14.46506087008461,4.9900586177991775,6.088542559582254
18LX,simulation,12,13,11.625,-1.375,9.375,-0.625,5,2017-09-10T19:32:30Z,2017-09-11T03:12:30Z,1,263.5767732957215,161.7836742371809,10.74724859118962,-32.656578335270744,4.708511190829069,6.833161073933476
18LX,simulation,12,13,10.375,-2.375,9.375,-0.125,6,2017-09-10T19:32:30Z,2017-09-11T03:12:30Z,1,270.70206614268216,114.08547969833342,32.2348829578006,-14.409557265697167,3.2958318642326025,4.534677293362825
18LX,simulation,12,13,11.875,-3.125,10.125,-1.125,7,2017-09-10T19:32:30Z,2017-09-11T03:12:30Z,1,292.7622151218359,131.51823437129764,28.59185053377626,-25.312158863273574,3.87304096537051,5.545578352720842
18LX,simulation,12,13,12.625,0.625,9.875,-1.375,8,2017-09-10T19:32:30Z,2017-09-11T03:12:30Z,1,376.01308013085907,215.70071834140367,-28.62038564355268,-39.82842747336168,6.34343498710964,7.136865122421928
18LX,simulation,12,13,12.625,-2.125,10.125,-0.875,9,2017-09-10T19:32:30Z,2017-09-11T03:12:30Z,1,309.9293360416739,153.7608947327443,17.87287597203476,-36.25998698559387,4.768247741865075,6.416430127517037
18LX,simulation,12,13,10.625,0.125,9.375,-0.125,10,2017-09-10T19:32:30Z,2017-09-11T03:12:30Z,1,141.82263739849876,191.16438056932373,-3.58178269681045,-18.14853203836612,5.225315867714261,5.824682006338369
18LX,simulation,13,14,10.375,-1.625,10.625,-1.625,1,2017-09-11T23:27:30Z,2017-09-12T00:22:30Z,1,27.82987269831843,0,1.8590053374913078e-15,30.359861125438286,-4.097879308527165,8.988109393033115
18LX,simulation,13,14,8.875,-1.375,9.125,-1.125,2,2017-09-11T23:27:30Z,2017-09-12T00:22:30Z,1,39.1158395292885,44.62563063561856,29.975740862791373,30.370044509774992,-2.907440743186257,4.4779178092262955
18LX,simulation,13,14,9.875,-0.625,10.125,-0.875,3,2017-09-11T23:27:30Z,2017-09-12T00:22:30Z,1,39.0595468825663,315.46018652501573,-29.88714587049468,30.371136948146226,-5.673675917191939,5.899309499567204
18LX,simulation,13,14,10.625,-0.875,10.625,-1.375,4,2017-09-11T23:27:30Z,2017-09-12T00:22:30Z,1,54.705452696627205,270.0460953374711,-59.67865635568541,0.04801240896666856,-4.354784937078302,9.160836843317206
18LX,simulation,13,14,9.375,-0.625,9.375,-0.375,5,2017-09-11T23:27:30Z,2017-09-12T00:22:30Z,1,27.4581577525856,89.97963803437756,29.954352020334273,0.010645278185259547,-5.694004752419211,4.64199948536266
18LX,simulation,13,14,9.375,-0.125,9.125,-0.375,6,2017-09-11T23:27:30Z,2017-09-12T00:22:30Z,1,39.10230932045325,224.64520181528474,-29.97574073282119,-30.34930209192085,-2.5419414534135294,4.886676331953569
18LX,simulation,13,14,10.125,-1.125,9.875,-0.875,7,2017-09-11T23:27:30Z,2017-09-12T00:22:30Z,1,39.0595468825663,135.4167743104872,29.910149077036674,-30.34848315808752,-5.294725899436257,6.48294080283425
18LX,simulation,13,14,9.875,-1.375,9.875,-1.125,8,2017-09-11T23:27:30Z,2017-09-12T00:22:30Z,1,27.41755163885497,89.97856256087692,29.910054239724946,0.011190963842391714,-3.00351957841353,6.117141086925159
18LX,simulation,13,14,10.125,-0.875,10.375,-0.875,9,2017-09-11T23:27:30Z,2017-09-12T00:22:30Z,1,27.82987269831843,0,1.8590053374913078e-15,30.359861125438286,-5.362993743896484,7.983204741044477
18LX,simulation,13,14,9.375,-0.125,9.875,-0.625,10,2017-09-11T23:27:30Z,2017-09-12T00:22:30Z,1,78.16256719688302,315.44765070411404,-59.8208521020784,60.76299026258544,-3.8316101323908023,4.594590749567205
18LX,simulation,14,15,10.625,-1.625,6.875,-1.375,1,2017-09-15T20:52:30Z,2017-09-16T04:32:30Z,1,418.35295812958543,176.21048387567487,3.606456608078534,-54.44846897329167,-1.5929415983117146,-0.9447652662526008
18LX,simulation,14,15,9.125,-1.125,8.625,-3.125,2,2017-09-15T20:52:30Z,2017-09-16T04:32:30Z,1,226.90493957005862,255.95623164347307,-28.711682064050922,-7.181927146392154,-1.7097475383592682,-0.8610344153694489
18LX,simulation,14,15,10.125,-0.875,10.375,-2.125,3,2017-09-15T20:52:30Z,2017-09-16T04:32:30Z,1,139.72793978437193,281.599285494244,-17.853180241659658,3.664499578835413,0.11936696359385582,1.6578234523275626
18LX,simulation,14,15,10.625,-1.375,9.125,-2.625,4,2017-09-15T20:52:30Z,2017-09-16T04:32:30Z,1,216.0414930714354,219.4946636261734,-17.922229769164844,-21.745529376943704,-1.6857276037464972,-0.2934627441737961
18LX,simulation,14,15,9.375,-0.375,8.125,-3.625,5,2017-09-15T20:52:30Z,2017-09-16T04:32:30Z,1,383.69012663236094,248.9896335578377,-46.71922279827628,-17.943528431549367,-1.9044598557845398,-0.3547758810623833
18LX,simulation,14,15,9.125,-0.375,8.875,-2.875,6,2017-09-15T20:52:30Z,2017-09-16T04:32:30Z,1,276.27689029409294,264.41519226217645,-35.86506131592996,-3.506999030778072,-1.9201989013008447,-0.9009995563341229
18LX,simulation,14,15,9.875,-0.875,6.625,-2.625,7,2017-09-15T20:52:30Z,2017-09-16T04:32:30Z,1,409.9382061893471,208.18332522693322,-25.25366888963087,-47.13082411741314,-2.8447917490420136,-1.5086203740990685
18LX,simulation,14,15,9.875,-1.125,9.875,-2.625,8,2017-09-15T20:52:30Z,2017-09-16T04:32:30Z,1,164.50517548689115,270.1286315675475,-21.457142728118868,0.04817231853361108,-0.6708426788993503,0.8415048169675081
18LX,simulation,14,15,10.375,-0.875,9.625,-4.125,9,2017-09-15T20:52:30Z,2017-09-16T04:32:30Z,1,365.9391666963183,257.09763715060797,-46.52607779037254,-10.657913688875484,0.014638118909752444,0.2944720384348992
18LX,simulation,14,15,9.875,-0.625,6.625,-2.875,10,2017-09-15T20:52:30Z,2017-09-16T04:32:30Z,1,438.53855145329885,214.58525998010975,-32.46893472243862,-47.092315104251846,-2.573181726538616,-1.4366195461439046
18LX,simulation,15,16,6.875,-1.375,7.875,-2.125,1,2017-09-16T20:47:30Z,2017-09-17T01:57:30Z,1,138.73538683000172,323.40569584933064,-16.007693400815363,21.558854608889305,5.949460849146688,13.358194779672932
18LX,simulation,15,16,8.625,-3.125,9.625,-2.375,2,2017-09-16T20:47:30Z,2017-09-17T01:57:30Z,1,138.5173113415939,36.461528571499684,15.932607011086608,21.561946284442737,-0.2799787614883915,15.260752554370514
18LX,simulation,15,16,10.375,-2.125,9.125,-2.125,3,2017-09-16T20:47:30Z,2017-09-17T01:57:30Z,1,139.149363491592,180,-4.947352914291378e-15,-26.932134869340384,-1.9399894091698429,13.865717539879585
18LX,simulation,15,16,9.125,-2.625,9.625,-2.125,4,2017-09-16T20:47:30Z,2017-09-17T01:57:30Z,1,78.19071480286118,44.57434104973953,10.621337617677977,10.780336796029173,-2.347137484396658,13.382513265055994
18LX,simulation,15,16,8.125,-3.625,10.125,-2.375,5,2017-09-16T20:47:30Z,2017-09-17T01:57:30Z,1,261.61345751568894,31.5815174434955,26.518041053397834,43.13563287923878,-1.3265190368160125,15.027902551220311
18LX,simulation,15,16,8.875,-2.875,8.375,-2.125,6,2017-09-16T20:47:30Z,2017-09-17T01:57:30Z,1,99.55756157634718,123.93477873127108,15.987150664651569,-10.757011338270337,-0.043892965747464,14.788125821759628
18LX,simulation,15,16,6.625,-2.625,8.625,-2.375,7,2017-09-16T20:47:30Z,2017-09-17T01:57:30Z,1,224.34103583781183,7.046431521674435,5.326593437316304,43.092890817044704,4.254238618173907,16.19481390454692
18LX,simulation,15,16,9.875,-2.625,8.625,-1.625,8,2017-09-16T20:47:30Z,2017-09-17T01:57:30Z,1,177.29597335546038,141.62384304349973,21.303710314992742,-26.901582678206086,-3.4317129002232702,12.10767104290378
18LX,simulation,15,16,9.625,-4.125,8.625,-2.625,9,2017-09-16T20:47:30Z,2017-09-17T01:57:30Z,1,198.92728767195015,123.906873060198,31.954602976633037,-21.478166590088644,-0.5488479493664157,11.510046783201155
18LX,simulation,15,16,6.625,-2.875,8.375,-2.625,10,2017-09-16T20:47:30Z,2017-09-17T01:57:30Z,1,196.7532291518898,8.045470537978929,5.329814368493473,37.70644793237296,4.259119099524712,15.093654142072122
18LX,simulation,16,17,7.875,-2.125,9.625,-1.125,1,2017-09-18T19:52:30Z,2017-09-18T23:42:30Z,1,223.7293731258347,29.382309866150194,28.63549650387553,50.85652709579219,0.14527780549422553,4.5805615121592655
18LX,simulation,16,17,9.625,-2.375,9.375,-1.625,2,2017-09-18T19:52:30Z,2017-09-18T23:42:30Z,1,86.92020487609848,108.61147079302691,21.4890449451113,-7.236652364977472,1.0988523639181385,0.785641760121221
18LX,simulation,16,17,9.125,-2.125,9.625,-1.125,3,2017-09-18T19:52:30Z,2017-09-18T23:42:30Z,1,123.13051473094791,63.044742552599246,28.63140290696105,14.56027662690619,0.8653612378991169,2.365494150576384
18LX,simulation,16,17,9.625,-2.125,10.625,-1.125,4,2017-09-18T19:52:30Z,2017-09-18T23:42:30Z,1,156.2073853678143,44.46354905602254,28.543382717244693,29.08294428951098,1.1677146049167801,1.6102733200736667
18LX,simulation,16,17,10.125,-2.375,10.125,-0.875,5,2017-09-18T19:52:30Z,2017-09-18T23:42:30Z,1,164.37865134057776,89.86814549174454,42.881273757230325,0.09868264807592703,-0.11094674019191578,1.553208994326384
18LX,simulation,16,17,8.375,-2.125,10.125,-1.125,6,2017-09-18T19:52:30Z,2017-09-18T23:42:30Z,1,223.65466563136567,29.344100727524562,28.592024568413912,50.85862375555121,0.6740058328379755,3.20460129646633
18LX,simulation,16,17,8.625,-2.375,10.125,-1.625,7,2017-09-18T19:52:30Z,2017-09-18T23:42:30Z,1,186.19129307033822,26.198003851724366,21.443145719216542,43.5820591096168,0.5742864034901494,0.8612117754065471
18LX,simulation,16,17,8.625,-1.625,9.875,-1.625,8,2017-09-18T19:52:30Z,2017-09-18T23:42:30Z,1,139.149363491592,0,2.2227237730874313e-15,36.29983395432835,0.1341139765200406,3.2994294851551884
18LX,simulation,16,17,8.625,-2.625,8.875,-2.125,9,2017-09-18T19:52:30Z,2017-09-18T23:42:30Z,1,61.650716732997296,63.1278430204336,14.346131744727332,7.269444305384884,-0.07241841987941584,3.3585670106307317
18LX,simulation,16,17,8.375,-2.625,9.375,-1.875,10,2017-09-18T19:52:30Z,2017-09-18T23:42:30Z,1,138.55123510547563,36.48208390525565,21.490069889691025,29.06116322507768,-0.05349454929517662,2.407516632743504
18LX,simulation,17,18,9.625,-1.125,9.875,-1.125,1,2017-09-19T23:32:30Z,2017-09-20T01:07:30Z,1,27.829872698318255,0,1.0762662480212768e-15,17.576761704201004,-0.17346366239848893,13.285907450625777
18LX,simulation,17,18,9.375,-1.625,9.625,-1.875,2,2017-09-19T23:32:30Z,2017-09-20T01:07:30Z,1,39.08841669204658,315.41615786702073,-17.329390223969284,17.58297453466747,0.4810251328317743,7.195764975296822
18LX,simulation,17,18,9.625,-1.125,10.375,-1.125,3,2017-09-19T23:32:30Z,2017-09-20T01:07:30Z,1,83.48961809495512,0,3.228798744063844e-15,52.730285112603234,0.9374317426179584,12.994844231053403
18LX,simulation,17,18,10.625,-1.125,10.125,-1.125,4,2017-09-19T23:32:30Z,2017-09-20T01:07:30Z,1,55.65974539663686,180,-6.457597488127701e-15,-35.15352340840223,1.7665009243613796,13.660016517237613
18LX,simulation,17,18,10.125,-0.875,9.875,-1.125,5,2017-09-19T23:32:30Z,2017-09-20T01:07:30Z,1,39.0595468825663,224.5832256895128,-17.316402097231766,-17.570174459945402,1.611296874196906,13.632298897994195
18LX,simulation,17,18,10.125,-1.125,10.125,-1.625,6,2017-09-19T23:32:30Z,2017-09-20T01:07:30Z,1,54.79292676839812,270.0439493402755,-34.60604883082744,0.026544944965837924,2.541557153802169,9.99071383426064
18LX,simulation,17,18,10.125,-1.625,9.375,-1.625,7,2017-09-19T23:32:30Z,2017-09-20T01:07:30Z,1,83.48961809495512,180,-9.686396232191531e-15,-52.730285112603234,1.5910035456607217,9.053192709671823
18LX,simulation,17,18,9.875,-1.625,9.875,-1.125,8,2017-09-19T23:32:30Z,2017-09-20T01:07:30Z,1,54.83509943947212,89.957124923685,34.63268468619477,0.025916032362162972,2.3458086957429587,9.874895577681693
18LX,simulation,17,18,8.875,-2.125,8.875,-2.125,9,2017-09-19T23:32:30Z,2017-09-20T01:07:30Z,1,0,,0,0,0.9865568968120376,7.973341661152086
18LX,simulation,17,18,9.375,-1.875,10.125,-1.375,10,2017-09-19T23:32:30Z,2017-09-20T01:07:30Z,1,99.89808670489846,33.26442565318655,34.60703810169036,52.75553284247342,1.0071364095587478,7.697588063290245
18LX,simulation,18,19,9.875,-1.125,6.875,-5.375,1,2017-12-05T18:52:30Z,2017-12-06T05:37:30Z,1,574.939488398677,234.81775518685254,-43.71270212640185,-30.81563698907046,-7.349753587944562,-6.51332647705078
18LX,simulation,18,19,9.625,-1.875,7.625,-4.875,2,2017-12-05T18:52:30Z,2017-12-06T05:37:30Z,1,398.21565592958916,236.2409702098289,-30.797148476090648,-20.585018036383783,-10.265585573773052,-6.616013999761535
18LX,simulation,18,19,10.375,-1.125,10.375,-4.875,3,2017-12-05T18:52:30Z,2017-12-06T05:37:30Z,1,410.62049613077835,270.33778535959436,-38.19659165396885,0.22518934270502564,-16.932589434601542,-10.214741425270256
18LX,simulation,18,19,10.125,-1.125,10.125,-5.375,4,2017-12-05T18:52:30Z,2017-12-06T05:37:30Z,1,465.73662167604556,270.3737331737965,-43.32341522379346,0.2825972043561246,-13.885429028533224,-8.041275968329852
18LX,simulation,18,19,9.875,-1.125,7.625,-5.625,5,2017-12-05T18:52:30Z,2017-12-06T05:37:30Z,1,554.8238186999318,243.5215734677853,-46.197588699069875,-23.011553415092806,-8.232461005277411,-5.844556695982468
18LX,simulation,18,19,10.125,-1.625,8.625,-4.625,6,2017-12-05T18:52:30Z,2017-12-06T05:37:30Z,1,369.3826803316565,243.37589007087718,-30.71771737653813,-15.39845772549464,-14.371681049790492,-7.2137988153501995
18LX,simulation,18,19,9.375,-1.625,10.375,-5.375,7,2017-12-05T18:52:30Z,2017-12-06T05:37:30Z,1,426.0552277928106,285.46206255728146,-38.19861317399673,10.566180181575442,-16.368837708584103,-9.85363073304642
18LX,simulation,18,19,9.875,-1.125,6.875,-6.875,8,2017-12-05T18:52:30Z,2017-12-06T05:37:30Z,1,715.8513986633939,242.63628023888532,-59.1397543232593,-30.607642891309418,-6.724027933874797,-5.591624850960664
18LX,simulation,18,19,8.875,-2.125,8.125,-6.625,9,2017-12-05T18:52:30Z,2017-12-06T05:37:30Z,1,502.4143652040345,260.77215891454637,-46.13138132506746,-7.494659345408541,-5.511107262544854,-5.829776354412702
18LX,simulation,18,19,10.125,-1.375,8.625,-5.625,10,2017-12-05T18:52:30Z,2017-12-06T05:37:30Z,1,495.73947915251097,250.6720878020251,-43.51623404559197,-15.26297167022553,-13.241150276716366,-7.859861746854562
18LX,simulation,19,20,6.875,-5.375,6.375,-6.625,1,2017-12-06T19:12:30Z,2017-12-07T00:12:30Z,1,149.00568352383019,248.13885941631565,-27.658107462146923,-11.09670403806852,-0.9353809455871585,5.355921207427979
18LX,simulation,19,20,7.625,-4.875,7.375,-6.625,2,2017-12-06T19:12:30Z,2017-12-07T00:12:30Z,1,195.13690467149203,261.91554779865794,-38.63952121288186,-5.488521023927281,-0.7323107795715338,11.729236832427983
18LX,simulation,19,20,10.375,-4.875,7.875,-6.625,3,2017-12-06T19:12:30Z,2017-12-07T00:12:30Z,1,338.2896685273125,214.7929702112482,-38.60648395208968,-55.56199591582182,-7.557611463165284,-6.587164827728273
18LX,simulation,19,20,10.125,-5.375,7.625,-6.125,4,2017-12-06T19:12:30Z,2017-12-07T00:12:30Z,1,290.2647479913793,196.56958517792782,-16.555517664199307,-55.64224826451877,-6.079430603790283,-3.1031341148376472
18LX,simulation,19,20,7.625,-5.625,7.375,-6.125,5,2017-12-06T19:12:30Z,2017-12-07T00:12:30Z,1,61.80390474244205,243.27032539780328,-11.039890065192612,-5.559652237773108,-1.7073521369934088,11.039228385162353
18LX,simulation,19,20,8.625,-4.625,7.625,-6.375,6,2017-12-06T19:12:30Z,2017-12-07T00:12:30Z,1,222.67351104555888,240.1314069741327,-38.61915180412425,-22.178837092694295,-3.592967566680908,14.011896988677982
18LX,simulation,19,20,10.375,-5.375,7.875,-6.375,7,2017-12-06T19:12:30Z,2017-12-07T00:12:30Z,1,299.21308923109075,201.63230622360572,-22.06090618093879,-55.627828729551574,-7.303071082305911,-7.260971468353274
18LX,simulation,19,20,6.875,-6.875,7.875,-6.125,8,2017-12-06T19:12:30Z,2017-12-07T00:12:30Z,1,138.73538683000172,36.59430415066936,16.54128318084254,22.277483095852283,-0.08021492996215862,13.267721793365482
18LX,simulation,19,20,8.125,-6.625,7.625,-7.375,9,2017-12-06T19:12:30Z,2017-12-07T00:12:30Z,1,99.68762542484085,236.11075286562277,-16.55047739694799,-11.116951220854064,0.934490880584717,12.083766764068606
18LX,simulation,19,20,8.625,-5.625,7.875,-6.375,10,2017-12-06T19:12:30Z,2017-12-07T00:12:30Z,1,117.4623478641999,224.75641997533137,-16.540913827536162,-16.682155028078217,0.524998790740967,12.271665445709228
18LX,simulation,20,21,6.375,-6.625,9.125,-5.875,1,2018-04-10T19:42:30Z,2018-04-11T00:02:30Z,1,317.1073792140521,15.07319244658197,19.030303272359063,70.6608721753505,1.4097072486877442,21.54404523644081
18LX,simulation,20,21,7.375,-6.625,7.125,-6.125,2,2018-04-10T19:42:30Z,2018-04-11T00:02:30Z,1,61.83174161821081,116.7177486807281,12.745407700669626,-6.415219926754382,1.4277878150939942,16.71122293325571
18LX,simulation,20,21,7.875,-6.625,9.375,-5.875,3,2018-04-10T19:42:30Z,2018-04-11T00:02:30Z,1,186.2670027481403,26.25001504987182,19.011653667122776,38.55179440893717,-1.8180408545273998,17.601480201134315
18LX,simulation,20,21,7.625,-6.125,9.125,-5.875,4,2018-04-10T19:42:30Z,2018-04-11T00:02:30Z,1,169.23383368763817,9.345281362113269,6.3417264504816755,38.53562538562473,-0.31820919887836174,20.630770709698012
18LX,simulation,20,21,7.375,-6.125,8.375,-6.125,5,2018-04-10T19:42:30Z,2018-04-11T00:02:30Z,1,111.31949079327354,0,1.5730045163387966e-15,25.689113259986204,0.5570998455927924,21.441849567119895
18LX,simulation,20,21,7.625,-6.375,9.875,-6.125,6,2018-04-10T19:42:30Z,2018-04-11T00:02:30Z,1,251.97444604352992,6.248382289131143,6.32875348041072,57.802516056006276,-2.107355495452881,19.947014493502106
18LX,simulation,20,21,7.875,-6.375,7.875,-6.125,7,2018-04-10T19:42:30Z,2018-04-11T00:02:30Z,1,27.56741823287683,89.98287343062765,6.361711615684565,0.0019016112440370255,0.6025746803283692,19.216230877216052
18LX,simulation,20,21,7.875,-6.125,9.625,-5.125,8,2018-04-10T19:42:30Z,2018-04-11T00:02:30Z,1,223.7293731258347,29.382309866150194,25.331400753428355,44.98846627704694,0.9338827857971191,19.84970233154297
18LX,simulation,20,21,7.625,-7.375,6.375,-6.875,9,2018-04-10T19:42:30Z,2018-04-11T00:02:30Z,1,149.71444076105865,158.31502491731862,12.766142100216872,-32.10440190235064,2.0102942566504844,14.605616243802586
18LX,simulation,20,21,7.875,-6.375,8.875,-5.375,10,2018-04-10T19:42:30Z,2018-04-11T00:02:30Z,1,156.59129971040474,44.62112410703156,25.382805927069484,25.720739783566852,0.9994014156048117,19.961489966759313
18LX,simulation,21,22,9.125,-5.875,12.625,-3.875,1,2018-04-11T19:07:30Z,2018-04-12T05:52:30Z,1,446.7542923596706,29.117186511012846,20.22227927972221,36.306632588712354,8.245733620222225,16.117247166478357
18LX,simulation,21,22,7.125,-6.125,12.625,-3.125,2,2018-04-11T19:07:30Z,2018-04-12T05:52:30Z,1,694.9931229880175,28.00942602879752,30.360972716414267,57.07802965032653,11.087160877671353,18.759496280758885
18LX,simulation,21,22,9.375,-5.875,12.125,-4.375,3,2018-04-11T19:07:30Z,2018-04-12T05:52:30Z,1,347.305276388126,28.04976893099206,15.192209980105554,28.51261504616601,5.300546370040538,17.544074814552484
18LX,simulation,21,22,9.125,-5.875,14.125,-4.625,4,2018-04-11T19:07:30Z,2018-04-12T05:52:30Z,1,573.0303207153875,13.638034546421522,12.568675211321745,51.80219112708368,0.5403486274896672,5.377431600526323
18LX,simulation,21,22,8.375,-6.125,14.125,-5.125,5,2018-04-11T19:07:30Z,2018-04-12T05:52:30Z,1,649.3232160826417,9.586415975561465,10.059072218673526,59.55867656977749,-1.2633791613911471,5.464041679559754
18LX,simulation,21,22,9.875,-6.125,13.125,-3.875,6,2018-04-11T19:07:30Z,2018-04-12T05:52:30Z,1,437.16522722705434,33.935921216044335,22.702716966222077,33.739495098525566,6.316787649110305,13.473304624690567
18LX,simulation,21,22,7.875,-6.125,9.875,-4.875,7,2018-04-11T19:07:30Z,2018-04-12T05:52:30Z,1,261.66336134774457,31.601910746904025,12.754915878043278,20.731270700147604,5.027937858049259,18.588889744603357
18LX,simulation,21,22,9.625,-5.125,11.375,-1.625,8,2018-04-11T19:07:30Z,2018-04-12T05:52:30Z,1,429.76449162129416,62.73502871055388,35.536425029570545,18.31421184694545,10.007224853870479,20.862944999872255
18LX,simulation,21,22,6.375,-6.875,12.125,-4.375,9,2018-04-11T19:07:30Z,2018-04-12T05:52:30Z,1,696.4853061006552,23.036365832627496,25.353056251214312,59.622813790045925,6.5399768978385024,20.279381704995796
18LX,simulation,21,22,8.875,-5.375,12.375,-3.125,10,2018-04-11T19:07:30Z,2018-04-12T05:52:30Z,1,460.8504851041208,32.0859431208072,22.772047102789085,36.32154595207668,12.293065015571061,23.045375300562657
18LX,simulation,22,23,12.625,-3.875,16.375,-3.875,1,2018-04-12T19:07:30Z,2018-04-13T05:42:30Z,1,417.44809047477577,0,2.4152431550083884e-15,39.44391406060873,8.393617354625793,0.7802519459161232
18LX,simulation,22,23,12.625,-3.125,16.375,-4.125,2,2018-04-12T19:07:30Z,2018-04-13T05:42:30Z,1,431.13000566603637,345.64632681507055,-10.098897317380173,39.4650537325265,10.29685513606034,1.2107944840558862
18LX,simulation,22,23,12.125,-4.375,16.875,-3.625,3,2018-04-12T19:07:30Z,2018-04-13T05:42:30Z,1,534.9057758476218,8.599860504490437,7.557735234551286,49.97401831826159,7.746031893872843,2.2705630310539195
18LX,simulation,22,23,14.125,-4.625,15.375,-3.875,4,2018-04-12T19:07:30Z,2018-04-13T05:42:30Z,1,160.87541596280354,30.028854269299018,7.6070419573958015,13.160472832627391,10.868560514074613,-3.874719110924428
18LX,simulation,22,23,14.125,-5.125,22.375,-2.875,5,2018-04-12T19:07:30Z,2018-04-13T05:42:30Z,1,948.622254196617,14.1815548896584,21.959808789604338,86.90194955038936,22.930091587216836,-6.67232081952433
18LX,simulation,22,23,13.125,-3.875,19.875,-1.875,6,2018-04-12T19:07:30Z,2018-04-13T05:42:30Z,1,781.0983025725919,15.585277456277424,19.829243480112467,71.09089093247832,13.522842579158272,-3.389612873227578
18LX,simulation,22,23,9.875,-4.875,14.375,-3.375,7,2018-04-12T19:07:30Z,2018-04-13T05:42:30Z,1,526.8537348887368,17.898284932681293,15.299241706774184,47.37221222939259,-3.2903325254185,-12.65713440373939
18LX,simulation,22,23,11.375,-1.625,22.375,-2.625,8,2018-04-12T19:07:30Z,2018-04-13T05:42:30Z,1,1229.1211379416163,355.16618098230333,-9.786438080231578,115.72436372500125,14.146107319869396,-1.5196460763525774
18LX,simulation,22,23,12.125,-4.375,16.625,-4.125,9,2018-04-12T19:07:30Z,2018-04-13T05:42:30Z,1,501.662141937752,3.0502073379742,2.522263323233055,47.33399360093018,6.810337734793117,2.105391840416616
18LX,simulation,22,23,12.375,-3.125,15.125,-3.875,10,2018-04-12T19:07:30Z,2018-04-13T05:42:30Z,1,316.6858770305149,345.2501075059895,-7.6184188945763385,28.93700244848647,3.5872509360726434,0.29016867666169444
18LX,simulation,23,24,16.375,-3.875,21.625,2.625,1,2018-04-13T19:12:30Z,2018-04-14T05:37:30Z,1,899.5143928441703,48.47502561699406,64.64991197423988,57.247667332399544,37.17575882409668,1.4800222452392582
18LX,simulation,23,24,16.375,-4.125,19.625,0.625,2,2018-04-13T19:12:30Z,2018-04-14T05:37:30Z,1,619.4221931125077,53.552558348607874,47.83339698292092,35.32699428587518,38.07051662878418,4.133434237426758
18LX,simulation,23,24,16.875,-3.625,19.625,4.875,3,2018-04-13T19:12:30Z,2018-04-14T05:37:30Z,1,949.1479064268593,69.88804566134297,85.56204173473445,31.331505011429954,47.45806605065917,14.419147893676758
18LX,simulation,23,24,15.375,-3.875,21.375,1.625,4,2018-04-13T19:12:30Z,2018-04-14T05:37:30Z,1,885.0335435159212,40.18703911720223,54.82548242855382,64.90697388887817,37.77232183190919,4.6863442218017575
18LX,simulation,23,24,22.375,-2.875,21.875,2.375,5,2018-04-13T19:12:30Z,2018-04-14T05:37:30Z,1,544.2169853759139,94.87651752030797,52.05571582117511,-4.441258195485131,53.15148069909667,1.123464979614258
18LX,simulation,23,24,19.875,-1.875,21.125,1.125,6,2018-04-13T19:12:30Z,2018-04-14T05:37:30Z,1,342.35091372351087,65.49855639489391,29.906159557935837,13.629932121499712,38.050984495971676,-4.591385559448242
18LX,simulation,23,24,14.375,-3.375,19.125,0.125,7,2018-04-13T19:12:30Z,2018-04-14T05:37:30Z,1,647.0581399012007,34.717191708636165,35.377589092703055,51.05898660142554,37.75883448815918,5.250645463989258
18LX,simulation,23,24,22.375,-2.625,20.625,1.125,8,2018-04-13T19:12:30Z,2018-04-14T05:37:30Z,1,434.4899647823156,115.94025565466904,37.50867732416133,-18.245813252141943,46.345305019409174,-0.9076414500732423
18LX,simulation,23,24,16.625,-4.125,19.625,4.125,9,2018-04-13T19:12:30Z,2018-04-14T05:37:30Z,1,934.332681305801,67.81159056259708,83.05368420581277,33.87398303811981,46.71463670690919,11.614370151489258
18LX,simulation,23,24,15.125,-3.875,20.875,1.375,10,2018-04-13T19:12:30Z,2018-04-14T05:37:30Z,1,847.519256889178,40.18866597137196,52.50333662201806,62.15424411212224,37.31123448815919,6.717778659301758
18LX,simulation,24,25,21.625,2.625,39.375,20.375,1,2018-04-14T18:32:30Z,2018-04-15T15:02:30Z,1,2597.9187525449615,36.504730285939786,75.38895997535825,101.86474277148646,39.179839602214535,74.71566480310953
18LX,simulation,24,25,19.625,0.625,39.625,19.875,2,2018-04-14T18:32:30Z,2018-04-15T15:02:30Z,1,2889.4206737989084,35.46395379021226,81.77633603893179,114.79889511469193,43.48135772816729,65.84969800623452
18LX,simulation,24,25,19.625,4.875,39.125,16.125,3,2018-04-14T18:32:30Z,2018-04-15T15:02:30Z,1,2424.7834230021695,24.06996881834118,48.24159239889222,107.99726037066394,45.348956849261015,63.11226294764076
18LX,simulation,24,25,21.375,1.625,41.125,20.375,4,2018-04-14T18:32:30Z,2018-04-15T15:02:30Z,1,2818.36815799922,34.48622650305987,77.84306820297755,113.32071659210705,35.47233532677627,65.39488761418042
18LX,simulation,24,25,21.875,2.375,40.375,19.375,5,2018-04-14T18:32:30Z,2018-04-15T15:02:30Z,1,2610.045043999771,34.04113992652651,71.27180367859249,105.5013110132891,37.41622236707734,69.12728557530843
18LX,simulation,24,25,21.125,1.125,39.875,20.625,6,2018-04-14T18:32:30Z,2018-04-15T15:02:30Z,1,2789.6035628525524,37.216218639851434,82.30345154517799,108.36708228879013,38.94616968033954,67.5327888146377
18LX,simulation,24,25,19.125,0.125,38.125,16.125,7,2018-04-14T18:32:30Z,2018-04-15T15:02:30Z,1,2621.3391018301672,32.870605179819734,69.40073566219287,107.39797931254584,49.96235874045768,38.889675843029494
18LX,simulation,24,25,20.625,1.125,39.125,16.625,8,2018-04-14T18:32:30Z,2018-04-15T15:02:30Z,1,2537.1882554832746,32.3551652550633,66.23496190411393,104.55034453312088,44.61866179638375,46.82508268849444
18LX,simulation,24,25,19.625,4.125,38.875,16.125,9,2018-04-14T18:32:30Z,2018-04-15T15:02:30Z,1,2433.985841463864,25.76148436060913,51.60356126435485,106.93047639091058,49.08771857992034,57.05379136322767
18LX,simulation,24,25,20.875,1.375,39.125,16.125,10,2018-04-14T18:32:30Z,2018-04-15T15:02:30Z,1,2472.274876885452,31.503037142301366,63.01813717124728,102.82401856608475,44.12925300970309,44.153469204786354
18LX,simulation,25,26,39.375,20.375,40.125,18.125,1,2018-04-15T18:47:30Z,2018-04-15T22:02:30Z,1,209.88211792935758,294.1558686182145,-58.92428086469443,26.42708813781265,-21.80626391484187,49.159906442495476
18LX,simulation,25,26,39.625,19.875,40.375,17.875,2,2018-04-15T18:47:30Z,2018-04-15T22:02:30Z,1,189.88356388733976,296.7234106723165,-52.185128753087504,26.273107080815645,-22.71812246351976,52.82339216965894
18LX,simulation,25,26,39.125,16.125,40.375,17.625,3,2018-04-15T18:47:30Z,2018-04-15T22:02:30Z,1,189.31913314630222,42.217521330614716,39.14228997386865,43.1414118052477,-7.9024614809476414,21.08039772855318
18LX,simulation,25,26,41.125,20.375,39.875,18.125,4,2018-04-15T18:47:30Z,2018-04-15T22:02:30Z,1,235.86064851859143,234.58276622345318,-59.14322016288437,-42.05767843515538,-23.038815898014946,29.52635430908203
18LX,simulation,25,26,40.375,19.375,40.375,17.625,5,2018-04-15T18:47:30Z,2018-04-15T22:02:30Z,1,148.4072552681889,270.56683968589186,-45.66153618140031,0.451754309157794,-16.4347011143611,47.34767552302434
18LX,simulation,25,26,39.875,20.625,40.375,17.875,6,2018-04-15T18:47:30Z,2018-04-15T22:02:30Z,1,240.59339097743995,284.2592669978487,-71.74799060740021,18.23402179921404,-17.539108190683216,32.053748539851256
18LX,simulation,25,26,38.125,16.125,38.375,16.375,7,2018-04-15T18:47:30Z,2018-04-15T22:02:30Z,1,35.38576252348045,38.06582649414008,6.7131299733628405,8.57209652304067,9.38672834777832,0.7389935819185698
18LX,simulation,25,26,39.125,16.625,40.625,17.625,8,2018-04-15T18:47:30Z,2018-04-15T22:02:30Z,1,187.5613361017746,26.776310041292618,25.99937421082125,51.522935444005284,-15.392944879385134,29.35907598876953
18LX,simulation,25,26,38.875,16.125,40.125,18.125,9,2018-04-15T18:47:30Z,2018-04-15T22:02:30Z,1,221.06753497744734,50.36048776665473,52.380998773440986,43.394210194001026,-5.266869007990908,23.972152310884915
18LX,simulation,25,26,39.125,16.125,40.125,16.625,10,2018-04-15T18:47:30Z,2018-04-15T22:02:30Z,1,119.28877443095521,20.90348869863925,13.095884357085398,34.28846629836604,2.09386213684082,1.5282804659329927
18LX,simulation,26,27,40.125,18.125,40.375,18.125,1,2018-04-25T18:42:30Z,2018-04-26T02:42:30Z,1,27.829872698318784,0,2.1301102825421507e-16,3.478734087289848,7.667485804557803,9.227176570415498
18LX,simulation,26,27,40.375,17.875,41.125,16.875,2,2018-04-25T18:42:30Z,2018-04-26T02:42:30Z,1,118.6674152287587,315.03795121066264,-10.481866936235539,10.495761965447928,10.782759699821474,9.38482812070847
18LX,simulation,26,27,40.375,17.625,42.875,17.125,3,2018-04-25T18:42:30Z,2018-04-26T02:42:30Z,1,281.38997975854255,351.6625459716099,-5.100299582319773,34.80200360957834,6.031995020866395,8.56741106748581
18LX,simulation,26,27,39.875,18.125,40.375,16.625,4,2018-04-25T18:42:30Z,2018-04-26T02:42:30Z,1,139.28114098540175,294.03616270360203,-15.900484094659769,7.091380099442861,7.186399470329286,9.68520370054245
18LX,simulation,26,27,40.375,17.625,43.125,17.375,5,2018-04-25T18:42:30Z,2018-04-26T02:42:30Z,1,306.8314319270056,356.2028295072696,-2.5399745521905883,38.26973214318804,6.659049372673036,7.739727382183079
18LX,simulation,26,27,40.375,17.875,40.125,16.375,6,2018-04-25T18:42:30Z,2018-04-26T02:42:30Z,1,130.44539115204208,258.16702354751567,-15.959170650540766,-3.3436317507409306,8.410011622428895,11.379749598979954
18LX,simulation,26,27,38.375,16.375,40.875,17.125,7,2018-04-25T18:42:30Z,2018-04-26T02:42:30Z,1,285.62824481557465,12.772962598872823,7.893633174374073,34.820003629416455,6.182161250114442,3.4195530352592476
18LX,simulation,26,27,40.625,17.625,41.125,16.375,8,2018-04-25T18:42:30Z,2018-04-26T02:42:30Z,1,119.02963901697332,298.2869894729506,-13.10196411275668,7.050843581339762,9.057697443962098,8.306749873638156
18LX,simulation,26,27,40.125,18.125,40.375,16.375,9,2018-04-25T18:42:30Z,2018-04-26T02:42:30Z,1,151.26399170937876,281.1661723184926,-18.550064137122742,3.661631510524671,8.058622279167174,11.07987151670456
18LX,simulation,26,27,40.125,16.625,40.375,18.125,10,2018-04-25T18:42:30Z,2018-04-26T02:42:30Z,1,130.44539115204208,77.19780302469155,15.900328838325489,3.613107245953188,7.700829340934755,10.065691768169403
18LX,simulation,27,28,40.375,18.125,42.875,17.625,1,2018-04-29T21:17:30Z,2018-04-30T03:07:30Z,1,281.38997975854255,351.6625459716099,-6.994696570038546,47.72846209313602,4.545333474295479,15.354228747122628
18LX,simulation,27,28,41.125,16.875,43.125,18.125,2,2018-04-29T21:17:30Z,2018-04-30T03:07:30Z,1,245.3882866951468,24.45286172883334,17.413220920097938,38.29328265229622,10.908770458112441,17.948398850359236
18LX,simulation,27,28,42.875,17.125,45.125,20.875,3,2018-04-29T21:17:30Z,2018-04-30T03:07:30Z,1,390.957029335512,48.87747444248555,50.487401494447056,44.07793341197358,8.49878210710798,23.351268060738697
18LX,simulation,27,28,40.375,16.625,43.125,17.125,4,2018-04-29T21:17:30Z,2018-04-30T03:07:30Z,1,308.9303290478344,7.559102046450619,6.966757918886417,52.499250789008,6.012408223179408,19.54952915169852
18LX,simulation,27,28,43.125,17.375,45.875,18.875,5,2018-04-29T21:17:30Z,2018-04-30T03:07:30Z,1,328.46315688202867,20.73542512787941,19.936013908722416,52.66063811741968,12.835835232107977,21.659482639421732
18LX,simulation,27,28,40.125,16.375,43.375,17.625,6,2018-04-29T21:17:30Z,2018-04-30T03:07:30Z,1,376.37487087695376,15.596861711706936,17.347681143427252,62.14555372214357,5.792844927978514,19.607513652256554
18LX,simulation,27,28,40.875,17.125,43.375,17.875,7,2018-04-29T21:17:30Z,2018-04-30T03:07:30Z,1,285.10085051047645,12.29378871897245,10.406562238756356,47.75367544379227,10.76793548322405,19.48274328395298
18LX,simulation,27,28,41.125,16.375,43.375,17.875,8,2018-04-29T21:17:30Z,2018-04-30T03:07:30Z,1,279.29312630795397,25.76373186068207,20.811061852840062,43.11938389422024,11.83726284092494,19.767256621006556
18LX,simulation,27,28,40.375,16.375,43.375,17.625,9,2018-04-29T21:17:30Z,2018-04-30T03:07:30Z,1,349.6497490447101,16.82171707823835,17.34630187052402,57.37511877174804,7.1135460859026205,19.518236155046733
18LX,simulation,27,28,40.375,18.125,42.875,17.125,10,2018-04-29T21:17:30Z,2018-04-30T03:07:30Z,1,290.46631533791765,343.683723194031,-13.989157978297706,47.78878896622777,5.4537486249651215,16.153861545671734
18LX,simulation,28,29,42.875,17.625,46.125,17.375,1,2018-04-30T18:37:30Z,2018-05-01T01:12:30Z,1,362.33189743918683,356.94681541016587,-2.9314709449079843,54.95963179182047,12.428068273037294,14.367866691492782
18LX,simulation,28,29,43.125,18.125,46.875,17.875,2,2018-04-30T18:37:30Z,2018-05-01T01:12:30Z,1,417.91100216415333,357.38899950728364,-2.8918246524620472,63.41424979451946,21.969555886763562,13.988519628597212
18LX,simulation,28,29,45.125,20.875,47.375,19.625,3,2018-04-30T18:37:30Z,2018-05-01T01:12:30Z,1,268.30645017716614,339.43410648577446,-14.316738885444256,38.158019399144614,19.090119795980335,20.0301453332056
18LX,simulation,28,29,43.125,17.125,46.875,17.625,4,2018-04-30T18:37:30Z,2018-05-01T01:12:30Z,1,419.2966664677527,5.210094919544417,5.783621745154273,63.42748959492188,17.08039463033555,18.594640400946897
18LX,simulation,28,29,45.875,18.875,47.625,17.125,5,2018-04-30T18:37:30Z,2018-05-01T01:12:30Z,1,236.13693789829205,326.2160277403565,-19.945374135849413,29.812081080363157,22.043361241787295,29.284505845468257
18LX,simulation,28,29,43.375,17.625,46.625,16.875,6,2018-04-30T18:37:30Z,2018-05-01T01:12:30Z,1,366.56827625302657,350.9961659962355,-8.714147749466559,54.995145486374874,17.926364406344256,18.020404146991197
18LX,simulation,28,29,43.375,17.875,47.375,17.375,7,2018-04-30T18:37:30Z,2018-05-01T01:12:30Z,1,446.988426609805,355.1588384353015,-5.730077512367472,67.65475288534078,22.999701913761186,19.639245659550536
18LX,simulation,28,29,43.375,17.875,46.875,16.875,8,2018-04-30T18:37:30Z,2018-05-01T01:12:30Z,1,397.44626141178225,348.95502433718207,-11.56595713893065,59.25332726158326,21.829727613424954,19.613943580337715
18LX,simulation,28,29,43.375,17.625,47.625,17.875,9,2018-04-30T18:37:30Z,2018-05-01T01:12:30Z,1,473.5090282167939,2.2722920597279312,2.851741039704456,71.86886602706258,23.412441332273847,20.84908825992632
18LX,simulation,28,29,42.875,17.125,48.125,19.625,10,2018-04-30T18:37:30Z,2018-05-01T01:12:30Z,1,616.0292926411147,17.573456080672486,28.252656562186495,89.207028479690507,17.48330257386799,15.35303912276256
